Sequence,AMP,MIC
TSFLNELNKYNEKKFI,0.07624829,0.9981241
PGKYGFYTHVFRLKKWIQKVI,0.62719756,0.9999744
AAHCIALRKGYK,0.08804163,0.96115005
GLRKRLRKFRNKIKEKLKKILQKIQGLLPKLAPRTDY,0.26303488,0.9998659
ALLKTMLKKLGTMAL,0.33666265,0.99908614
NLVSALIEGRKYLKNVLKKLNRLKEKNKAKNSKENN,0.021555275,0.9992355
LHCIALRKK,0.72817606,0.99892306
RVRRPVYIPQPRPPHPRL,0.44251788,0.99992347
YPPKPESPGEDASPEEMNKYLTALRHYINLVTRQRY,0.13042703,0.99891657
LHRLVKLVAALLRGYASKVDTH,0.035515457,0.99855876
WGIHRILKYGKPS,0.6742536,0.9996003
GIHKILKYGKPS,0.49607408,0.9993415
LLCIALRKK,0.28767002,0.9998275
GLRKRLRKFRNKIKEKLKKNGQKIQGLLPKLAPRTDY,0.6057892,0.97544265
ILPLKLPWLPLRR,0.7545778,0.99984807
IKYLLVKLQGASQKTITLMLRRN,0.009941369,0.9979043
KLLKRIKTLL,0.7150736,0.99897873
SKKLFKKILKYLAGPATTGLPALISW,0.7734578,0.9999962
ALWKTLLKNVGKAAGKAALNAVTDMVNQ,0.29626352,0.9999796
LLIILRRRIRKQAHAHSK,0.7326535,0.99954677
PRPPHPPRPPHPRL,0.58865273,0.9996964
RPKHPIKHQGLPQEVLNENLLRF,0.70690614,0.95084256
ILPWKKPKKPWRR,0.78732514,0.9978827
GKPIGNAILGLRPKISRWL,0.0044976175,0.9686401
AIRCLAKRRK,0.5099432,0.9999306
YKLLKLLLPKLKGLLPKL,0.680723,0.99914324
KFFRKLAKSVKKAAKEFFKKPRVIGVSIPF,0.22020566,0.9995421
GLRKRLRKFRNKIKEKLKKIGQKIQGLLPKLAPRHDY,0.1760234,0.9988729
PTTKTYFPHF,0.048939735,0.9999131
STVLTSKYR,0.0019583404,0.99972427
RGLRRLGRKIAHGVKKYGPTVLRIIRIAGGGGGSC,0.5938359,0.90398073
KVFKRLEKLFSKI,0.7605176,0.91360235
HLNKRVQRLLIGWLDWLK,0.32896587,0.99997115
VWPLVIRTVIAGYNLYRAI,0.026676506,0.9999893
IIPLPLGYFAKKT,0.67208266,0.99968404
GLRKRLRKFRNKNKEKLKKIGQKIQGLLPKLAPRTDY,0.0363321,0.8490318
GKPRPYSPRPTSHPKPIRV,0.1423299,0.9864125
GIRRILKYGKRS,0.6428604,0.9991399
GLRKRDRKFRNKIKEKLKKIGQKIQGLLPKLAPRTDY,0.1719419,0.96761113
IKLSPKTKDNLKKVLKGAIKGAIAVAKMV,0.6802219,0.99930936
GLRKRLRKFRNKIKEKLKKICQKIQGLLPKLAPRTDY,0.62092865,0.9943251
GANLAKKFYTYINKFINYAW,0.7405399,0.99993396
WYQLIRTFGNLIHQKYRKLLEAYRKLRD,0.0127595365,0.99952686
ILGPVLGLVSRTLRRVLGIL,0.52659875,0.95449686
AKKPFVQRVKNAASKAYNKLKGLAMQSQYG,0.5665317,0.9559998
LLAIVGNLLKSLL,0.56029654,0.98939675
GYNYAKKLANLAKKFANALW,0.008370876,0.9999902
GLRKRLRKFRNKMKEKLKKIGQKIQGLLPKLAPRTDY,0.21730652,0.9601015
YQEPVLGPVRGPFPIIV,0.4085272,0.9998603
PFKISIHL,0.72238153,0.99988014
GLRKRLRKFRNKIKEKLKKQGQKIQGLLPKLAPRTDY,0.47676563,0.9317179
KKLLPIVANLLKSLL,0.776304,0.99973816
GLTRLFSVIK,0.1270752,0.9999067
PMNAIKLLCRVHKKIAISV,0.012642294,0.9065275
GKPRPYTPRPTSHPRPIRV,0.45168075,0.99784654
KFFKKLKNSVKKRAKKFFKKPRVIGVSIPF,0.20354694,0.999189
GKPRPYSPRPTSHPRPIRV,0.39916375,0.98585534
GLPALILWIKRKRQQ,0.66155076,0.9923941
GLRKRLRKFRNKFKEKLKKIGQKIQGLLPKLAPRTDY,0.79239297,0.9794096
GSLHGFMYKYLKTLVLRLY,0.49861622,0.9999645
KKLFKKILKYLAGPATTGLPALISWKDEL,0.14330742,0.8599546
KGLRKLGRKILRAWKKGGPIIVPIIRI,0.017083019,0.95716894
GLRKRLRKFRNKIKEFLKKIGQKIQGLLPKLAPRTDY,0.3442666,0.95189846
SKTKRRSLLKRLGDGIRGFWNGFRGRK,0.3656391,0.8442248
STLHAVLRLRGG,0.023901284,0.9980756
VVRRPVYIPQPRPPHPRL,0.4171729,0.99988425
GLRKRLRKFRNKIKEKLKKIGQKIQGLLPKLAPRTDD,0.09838095,0.99353456
LSCKRGTCHFGRCPSHLIKGSCSGG,0.52904105,0.9815358
GLRKKFRKTRKRIQKLGRKIGKTGRKVWKAWREYGQIPYPCRI,0.5836037,0.999787
KKVWFIFHVCPKLKQRIL,0.34337136,0.99988395
GLRKRLRKFRNKIKEKLKKIGQKIQGLLPKLAPRTDY,0.1719419,0.96761113
LRWTPTPSYPRYPTRSRGSRWSR,0.42564654,0.9999925
RRIRFRPPYLPRPGRR,0.50612354,0.9957789
IKLSKETKDNLKKVLKGAIKGAIAVAKMV,0.47299466,0.99906564
RGLRRLGRKIAHGVKKGGPTVLRIIRIAG,0.6566003,0.9991627
ALKKMLRLAKRLS,0.018860966,0.9991089
EQEENVVKIQAFWKGYKQRKEYM,0.010779291,0.99999917
GLHKVMREVLGYERNSYKKFFLR,0.68560416,0.9999979
TKLTEEEKNRLNFLKKISQRYQKFALPQYLK,0.054761887,0.99968266
ANRLLEAYKMLLKFLGNLR,0.012993425,0.90950286
TKPTLLGLPLGAGPAAGPGKR,0.11779767,0.99824107
AIRCLAQRRK,0.008616239,0.99996763
GYKYINNIIKYINKFFKYIW,0.72210133,0.9997988
GIRRILRYGRRS,0.6824722,0.99991715
ALWKTLLKHVGKAAGKAALNAVTDMVNQ,0.50700384,0.99997884
KKLFKKILKYLTTGLPALISAGPASILAPLGTTLYKLIKKFLKKKDEL,0.673441,0.9963907
MKLVKTWLKVLK,0.6431018,0.979272
KKIGQKIKNFFQKL,0.24150926,0.99504817
LAHRYH,0.612396,0.99888873
GLRKRLRKFRNKIKEKLKKIGQKIQGPLPKLAPRTDY,0.011884272,0.8911573
ILPWKKPKKPKRR,0.38074318,0.99796087
RFPKLMMKLLV,0.06968701,0.9552929
FLSFPTTKTYFPHF,0.2316398,0.99974906
AGRGKQGGKVRAKAKTRSS,0.7287425,0.99625134
GLRKRRRKFRNKIKEKLKKIGQKIQGLLPKLAPRTDY,0.1719419,0.96761113
VRLEFKLQQTSCRKRDWKKP,0.36385596,0.99998826
GIRRILRYGRPS,0.005717933,0.999866
EPFKISIHL,0.24850121,0.9999783
GKWMHLLKHILK,0.33670366,0.99995124
GLRKRLRKFRNKRKEKLKKIGQKIQGLLPKLAPRTDY,0.17190543,0.9580811
MWITNGGVANWYFVLAR,0.21769017,0.99998665
PRPPHPPRPPHPPRPPHPRL,0.79902846,0.9995919
TRQARRNRRRRWRERQRAAAACYGRKKRRQRRR,0.16846523,0.9999844
SKYR,0.14106303,0.999734
KKLGEPSCNKLK,0.2061333,0.9995768
PKAMRLLRRLLRLQKKG,0.7510147,0.99963135
LKLSPKTKDTLKKVLKGAIKGAIAIASMA,0.655707,0.9999734
GGLRSLGRKILRAWKKGGPIIVPIIRI,0.06303939,0.9330522
KRFKKFFKKLKNSVKKRAKKFFKKPRVIGVSIPF,0.20354694,0.999189
MMRVMRRKTKVIWEKKDFIGLYSID,0.09743479,0.99976474
LFKKNKLWFKSKKWL,0.72812706,0.8143334
GATYAKKIIKTITKIATTAW,0.008217931,0.9996726
KRFKKFFRKLKKSVKKRAKEFFKKPRVIGVSIPF,0.10344905,0.9995664
MLTAEEKAAVTAF,0.016588598,0.99977094
PKLLKFLKWIG,0.15807578,0.99994963
ALWKNMLKGI,0.136482,0.9999433
FPVGRVHRLLRK,0.7346638,0.99871385
GLPALISWIKRKR,0.671591,0.99927104
GLRKRLRKFRNKIKEKLKKIGQKIQGLLPKCAPRTDY,0.07321945,0.94904566
VDNANDLLSKVKKDKSD,0.038766503,0.9997668
RYPAVGYT,0.586607,0.99813116
YGFYTHVFRLKKWMQKVIDRFGG,0.36117774,0.9999349
YVSGKARGWFYRHHY,0.780565,0.9969499
GLRKRLRKFRNKPKEKLKKIGQKIQGLLPKLAPRTDY,0.073144436,0.8783995
GLRKRLRKFRNKIKEKLKKIIQKIQGLLPKLAPRTDY,0.2683767,0.9997576
GLRKRLRKFRNKIKEKLKKRGQKIQGLLPKLAPRTDY,0.7826865,0.9538862
GKPRPYSPRPTSHPRPIR,0.6066369,0.8399265
KILGVSKKIMRRISKDILTGKK,0.697532,0.99998873
ILPLKLPLLPLRR,0.6431615,0.9998953
TRGRWKRFWRGAGRFFRRHKEKIIRAAVDIVLS,0.7610923,0.9996215
LCAAHCLAIGRR,0.7859256,0.9221914
RVIEVVQGAYRAIRHIPRRIRQGLERIL,0.076351374,0.9999609
AKRLLGYKRKFL,0.30268472,0.9779234
GIHRILKYGKPS,0.6060288,0.99952495
KKLLPIVKNLLKSLL,0.09651822,0.9979301
RIIDLLARVRRPQKPKFVTVWVR,0.780831,0.9999796
KKCRNKKMEVSR,0.12939015,0.9999236
GLRKRLRKFLNKIKEKLKKIGQKIQGLLPKLAPRTDY,0.1719419,0.96761113
ALWKSLLKNVGKAAGKAALNAVTDMVNQ,0.59649944,0.9999783
GAKYAKIIYNYLKKIANALW,0.007531613,0.99998343
DAHRAGLQFPVGRVHRLLRK,0.00695315,0.9994388
GLRKRLRKFRNKIKECLKKIGQKIQGLLPKLAPRTDY,0.6055492,0.9733772
ATLHLVLRLRGG,0.07365021,0.9971779
KILRGVSKKIMRRILTGKK,0.7165344,0.99995315
LRCIALRKK,0.38205492,0.99984765
GLRKRLRKFRNKIKEKLKKHGQKIQGLLPKLAPRTDY,0.70001644,0.8574282
KRGFGKKLRKRLKKFRNSIKKRLKNFNVVIPIPLPG,0.7581258,0.99923575
GLRKRLRKFRNKIKEYLKKIGQKIQGLLPKLAPRTDY,0.016491294,0.91342837
AVVKVPLKKFKSIRE,0.022018969,0.999287
QVFTLIKGATQLIRKTLGEQ,0.47490558,0.99996024
FKCRRWQWRMKKLGKRSKNKGFKEQAKSLLKWILD,0.05397755,0.99950445
AAHHIARPIVHVGKTIHRLVTG,0.026690781,0.9995408
STLHLVLRLRGG,0.037862003,0.98975635
GVVKVSRLKGESLRARL,0.24517626,0.99718374
GLPALISWIKRKRQQG,0.73879695,0.99979913
LSFPTTKTYFPHF,0.39106345,0.99990153
GKKLFKKILKYLAGPATTGLPALISW,0.7734578,0.9999962
KISKKIMRTFLRRISKDILTGKK,0.27587998,0.99999607
TSKYR,0.22951373,0.99949706
GFFKKAWRKVKHAGRRVLDTAKGVGRHYVNNWLNRYR,0.14676368,0.838398
ARNFGKEFTPV,0.013774186,0.99889964
ATHCLFLKKR,0.49533296,0.9998516
LLCKALRKI,0.41730925,0.998132
GLRKRLRKFRNKIKEKHKKIGQKIQGLLPKLAPRTDY,0.09223765,0.9628071
GLRKRLRKFRNKIKELLKKIGQKIQGLLPKLAPRTDY,0.081519574,0.97001255
FKKFFKKLKNSVKKRAKKFFKKPRVIGVSIPF,0.20354694,0.999189
CKYLLKWR,0.7650591,0.8778433
KGRGKQGGKVRAKAK,0.76696616,0.99983287
KHVGKAALTHYL,0.0056329668,0.9999281
GKPKPYSPRPTSHPRPIRV,0.45452693,0.96782976
ASITHVKNRGKYIYMHLKFRKTNVLI,0.041192144,0.9997976
GLRKRLRKFRNKIKEMLKKIGQKIQGLLPKLAPRTDY,0.04854521,0.9550309
APKGVQGPNG,0.24272034,0.99985313
GKLQAFLAKMKEIAAQTL,0.39472207,0.9999891
GKPRPYSPKPTSHPRPIRV,0.26014638,0.9850136
KKLFKKILKYLAGPATTGLPALISW,0.7734578,0.9999962
KRFKKFFKKLKNSVKKRAKKFFKKPKVIGVTFPF,0.6726171,0.99702084
KRVWPLVIRTVIAGYNLYR,0.28712976,0.9998896
APRMEIGKRREKLGRNVFKAAKKALPVIAGYKALG,0.00012200182,0.99940944
VTLASHLPSDFTPAVHASLDKFLANVS,0.0004425943,0.9958695
GRLRNLIEKAGQNIRGKIQGIGRRIKDILKNLQPRPQV,0.7207875,0.9959316
GKPRPYSPRPSSHPRPIRV,0.2903952,0.9965538
GLRKRPRKFRNKIKEKLKKIGQKIQGLLPKLAPRTDY,0.1719419,0.96761113
KFFRKLKKSVKKRAKEFFKKPRVIGVSIPF,0.10344905,0.9995664
